Workbook

Sheet Inputs
B2: 45688
B3: 0.045
B4: 0.62
B5: 12000
B6: 0.24
B7: 0.1
A13: 1 | C13: 20 | D13: 125.25 | E13: 45658
A14: 2 | C14: 27 | D14: 138.25 | E14: 45689
A15: 3 | C15: 34 | D15: 151.25 | E15: 45717
A16: 4 | C16: 41 | D16: 164.25 | E16: 45748
A17: 5 | C17: 48 | D17: 177.25 | E17: 45778
A18: 6 | C18: 20 | D18: 190.25 | E18: 45809
A19: 7 | C19: 27 | D19: 203.25 | E19: 45839
A20: 8 | C20: 34 | D20: 216.25 | E20: 45870
A21: 9 | C21: 41 | D21: 229.25 | E21: 45901
A22: 10 | C22: 48 | D22: 242.25 | E22: 45931
A23: 11 | C23: 20 | D23: 255.25 | E23: 45962
A24: 12 | C24: 27 | D24: 268.25 | E24: 45992
... A52: 40 | C52: 48 | D52: 292.25 | E52: 45748

Sheet Schedule
B1: 1 | C1: 2 | D1: 3 | E1: 4 | F1: 5 | G1: 6 | H1: 7 | I1: 8 | J1: 9 | K1: 10 | L1: 11 | M1: 12
B2: =100000*(1+Inputs!$B$3)^(B$1-1) | C2: =100000*(1+Inputs!$B$3)^(C$1-1) | D2: =100000*(1+Inputs!$B$3)^(D$1-1) | E2: =100000*(1+Inputs!$B$3)^(E$1-1) | F2: =100000*(1+Inputs!$B$3)^(F$1-1) | G2: =100000*(1+Inputs!$B$3)^(G$1-1) | H2: =100000*(1+Inputs!$B$3)^(H$1-1) | I2: =100000*(1+Inputs!$B$3)^(I$1-1) | ... M2: =100000*(1+Inputs!$B$3)^(M$1-1)
B3: =B2*(1-Inputs!$B$4) | C3: =C2*(1-Inputs!$B$4) | D3: =D2*(1-Inputs!$B$4) | E3: =E2*(1-Inputs!$B$4) | F3: =F2*(1-Inputs!$B$4) | G3: =G2*(1-Inputs!$B$4) | H3: =H2*(1-Inputs!$B$4) | I3: =I2*(1-Inputs!$B$4) | ... M3: =M2*(1-Inputs!$B$4)
B4: =B2-B3 | C4: =C2-C3 | D4: =D2-D3 | E4: =E2-E3 | F4: =F2-F3 | G4: =G2-G3 | H4: =H2-H3 | I4: =I2-I3 | ... M4: =M2-M3
B5: =Inputs!$B$5 | C5: =Inputs!$B$5 | D5: =Inputs!$B$5 | E5: =Inputs!$B$5 | F5: =Inputs!$B$5 | G5: =Inputs!$B$5 | H5: =Inputs!$B$5 | I5: =Inputs!$B$5 | ... M5: =Inputs!$B$5
B6: =SUMIF(Inputs!$B$13:$B$52,Inputs!$B$8,Inputs!$C$13:$C$52) | C6: =SUMIF(Inputs!$B$13:$B$52,Inputs!$B$8,Inputs!$C$13:$C$52) | D6: =SUMIF(Inputs!$B$13:$B$52,Inputs!$B$8,Inputs!$C$13:$C$52) | E6: =SUMIF(Inputs!$B$13:$B$52,Inputs!$B$8,Inputs!$C$13:$C$52) | F6: =SUMIF(Inputs!$B$13:$B$52,Inputs!$B$8,Inputs!$C$13:$C$52) | G6: =SUMIF(Inputs!$B$13:$B$52,Inputs!$B$8,Inputs!$C$13:$C$52) | H6: =SUMIF(Inputs!$B$13:$B$52,Inputs!$B$8,Inputs!$C$13:$C$52) | I6: =SUMIF(Inputs!$B$13:$B$52,Inputs!$B$8,Inputs!$C$13:$C$52) | ... M6: =SUMIF(Inputs!$B$13:$B$52,Inputs!$B$8,Inputs!$C$13:$C$52)
B7: =SUMIFS(Inputs!$D$13:$D$52,Inputs!$B$13:$B$52,Inputs!$B$8,Inputs!$F$13:$F$52,Inputs!$B$9) | C7: =SUMIFS(Inputs!$D$13:$D$52,Inputs!$B$13:$B$52,Inputs!$B$8,Inputs!$F$13:$F$52,Inputs!$B$9) | D7: =SUMIFS(Inputs!$D$13:$D$52,Inputs!$B$13:$B$52,Inputs!$B$8,Inputs!$F$13:$F$52,Inputs!$B$9) | E7: =SUMIFS(Inputs!$D$13:$D$52,Inputs!$B$13:$B$52,Inputs!$B$8,Inputs!$F$13:$F$52,Inputs!$B$9) | F7: =SUMIFS(Inputs!$D$13:$D$52,Inputs!$B$13:$B$52,Inputs!$B$8,Inputs!$F$13:$F$52,Inputs!$B$9) | G7: =SUMIFS(Inputs!$D$13:$D$52,Inputs!$B$13:$B$52,Inputs!$B$8,Inputs!$F$13:$F$52,Inputs!$B$9) | H7: =SUMIFS(Inputs!$D$13:$D$52,Inputs!$B$13:$B$52,Inputs!$B$8,Inputs!$F$13:$F$52,Inputs!$B$9) | I7: =SUMIFS(Inputs!$D$13:$D$52,Inputs!$B$13:$B$52,Inputs!$B$8,Inputs!$F$13:$F$52,Inputs!$B$9) | ... M7: =SUMIFS(Inputs!$D$13:$D$52,Inputs!$B$13:$B$52,Inputs!$B$8,Inputs!$F$13:$F$52,Inputs!$B$9)
B8: =B3+B5+B6*B7+SUM(0) | C8: =C3+C5+C6*C7+SUM(0) | D8: =D3+D5+D6*D7+SUM(0) | E8: =E3+E5+E6*E7+SUM(0) | F8: =F3+F5+F6*F7+SUM(0) | G8: =G3+G5+G6*G7+SUM(0) | H8: =H3+H5+H6*H7+SUM(0) | I8: =I3+I5+I6*I7+SUM(0) | ... M8: =M3+M5+M6*M7+SUM(0)
B9: =B2-B8 | C9: =C2-C8 | D9: =D2-D8 | E9: =E2-E8 | F9: =F2-F8 | G9: =G2-G8 | H9: =H2-H8 | I9: =I2-I8 | ... M9: =M2-M8
B10: =IF(B9>0,B9*Inputs!$B$6,0) | C10: =IF(C9>0,C9*Inputs!$B$6,0) | D10: =IF(D9>0,D9*Inputs!$B$6,0) | E10: =IF(E9>0,E9*Inputs!$B$6,0) | F10: =IF(F9>0,F9*Inputs!$B$6,0) | G10: =IF(G9>0,G9*Inputs!$B$6,0) | H10: =IF(H9>0,H9*Inputs!$B$6,0) | I10: =IF(I9>0,I9*Inputs!$B$6,0) | ... M10: =IF(M9>0,M9*Inputs!$B$6,0)
B11: =B9-B10-B2*0.08 | C11: =C9-C10-C2*0.08 | D11: =D9-D10-D2*0.08 | E11: =E9-E10-E2*0.08 | F11: =F9-F10-F2*0.08 | G11: =G9-G10-G2*0.08 | H11: =H9-H10-H2*0.08 | I11: =I9-I10-I2*0.08 | ... M11: =M9-M10-M2*0.08

Sheet Summary
B2: =IF(SUM(Schedule!B11:M11)>0,1,0)
B3: =IF(Inputs!$B$3>=0.05,3,IF(Inputs!$B$3>=0.03,2,1))
B4: =MIN(Schedule!B9:M9)
B5: =MAX(Schedule!B9:M9)
B6: =ROUND(AVERAGE(Schedule!B11:M11),2)
B7: =VLOOKUP("Enterprise",Inputs!$B$13:$D$52,2,FALSE)
B8: =INDEX(Inputs!$D$13:$D$52,MATCH("Enterprise",Inputs!$B$13:$B$52,0))
B10: =NPV(Inputs!$B$7,Schedule!B11:M11)
B11: =IRR(B18:N18)
B12: =EDATE(Inputs!$B$2,3)
B13: =EOMONTH(Inputs!$B$2,3)
B14: =COUNTIF(Inputs!$B$13:$B$52,"Enterprise")
B15: =COUNTIFS(Inputs!$B$13:$B$52,"Enterprise",Inputs!$F$13:$F$52,"West")
B18: -100000 | C18: 16500 | D18: 18000 | E18: 20500 | F18: 23000 | G18: 25000 | H18: 27000 | I18: 29500 | J18: 31500 | K18: 34000 | L18: 36000 | M18: 38500 | N18: 41000
