Workbook
Name CorporateInputs: 'Inputs'!$B$2:$H$10
Name LocalGrowthRate: 'Inputs'!$B$2

Sheet Inputs
B2: MUTATED-aspose-cells-foss | C2: 30 | D2: 40 | E2: 50 | F2: 60 | G2: 70 | H2: 80
B3: 40 | C3: 1337 | D3: 80 | E3: 100 | F3: 120 | G3: 140 | H3: 160
B4: 60 | C4: 90 | D4: 120 | E4: 150 | F4: 180 | G4: 210 | H4: 240
B5: 80 | C5: 120 | D5: 160 | E5: 200 | F5: 240 | G5: 280 | H5: 320
B6: 100 | C6: 150 | D6: 200 | E6: 250 | F6: 300 | G6: 350 | H6: 400
B7: 120 | C7: 180 | D7: 240 | E7: 300 | F7: 360 | G7: 420 | H7: 480
B8: 140 | C8: 210 | D8: 280 | E8: 350 | F8: 420 | G8: 490 | H8: 560
B9: 160 | C9: 240 | D9: 320 | E9: 400 | F9: 480 | G9: 560 | H9: 640
B10: 180 | C10: 270 | D10: 360 | E10: 450 | F10: 540 | G10: 630 | H10: 720
B11: 200 | C11: 300 | D11: 400 | E11: 500 | F11: 600 | G11: 700 | H11: 800
B12: 220 | C12: 330 | D12: 440 | E12: 550 | F12: 660 | G12: 770 | H12: 880
B13: 240 | C13: 360 | D13: 480 | E13: 600 | F13: 720 | G13: 840 | H13: 960
B14: 260 | C14: 390 | D14: 520 | E14: 650 | F14: 780 | G14: 910 | H14: 1040
... B41: 800 | C41: 1200 | D41: 1600 | E41: 2000 | F41: 2400 | G41: 2800 | H41: 3200

Sheet Schedule
B2: =Inputs!B3 | C2: =Inputs!C3 | D2: =Inputs!D3 | E2: =Inputs!E3 | F2: =Inputs!F3 | G2: =Inputs!G3 | H2: =Inputs!H3
B3: =SUM(B2,Inputs!B4) | C3: =SUM(C2,Inputs!C4) | D3: =SUM(D2,Inputs!D4) | E3: =SUM(E2,Inputs!E4) | F3: =SUM(F2,Inputs!F4) | G3: =SUM(G2,Inputs!G4) | H3: =SUM(H2,Inputs!H4)
B4: =SUM(B2:B3) | C4: =SUM(C2:C3) | D4: =SUM(D2:D3) | E4: =SUM(E2:E3) | F4: =SUM(F2:F3) | G4: =SUM(G2:G3) | H4: =SUM(H2:H3)
B5: =SUM(B2:B4) | C5: =SUM(C2:C4) | D5: =SUM(D2:D4) | E5: =SUM(E2:E4) | F5: =SUM(F2:F4) | G5: =SUM(G2:G4) | H5: =SUM(H2:H4)
B6: =SUM(B2:B5) | C6: =SUM(C2:C5) | D6: =SUM(D2:D5) | E6: =SUM(E2:E5) | F6: =SUM(F2:F5) | G6: =SUM(G2:G5) | H6: =SUM(H2:H5)
B7: =SUM(B2:B6) | C7: =SUM(C2:C6) | D7: =SUM(D2:D6) | E7: =SUM(E2:E6) | F7: =SUM(F2:F6) | G7: =SUM(G2:G6) | H7: =SUM(H2:H6)
B8: =SUM(B2:B7) | C8: =SUM(C2:C7) | D8: =SUM(D2:D7) | E8: =SUM(E2:E7) | F8: =SUM(F2:F7) | G8: =SUM(G2:G7) | H8: =SUM(H2:H7)
B9: =SUM(B2:B8) | C9: =SUM(C2:C8) | D9: =SUM(D2:D8) | E9: =SUM(E2:E8) | F9: =SUM(F2:F8) | G9: =SUM(G2:G8) | H9: =SUM(H2:H8)
B10: =SUM(B2:B9) | C10: =SUM(C2:C9) | D10: =SUM(D2:D9) | E10: =SUM(E2:E9) | F10: =SUM(F2:F9) | G10: =SUM(G2:G9) | H10: =SUM(H2:H9)
B11: =SUM(B2:B10) | C11: =SUM(C2:C10) | D11: =SUM(D2:D10) | E11: =SUM(E2:E10) | F11: =SUM(F2:F10) | G11: =SUM(G2:G10) | H11: =SUM(H2:H10)
B12: =SUM(B2:B11) | C12: =SUM(C2:C11) | D12: =SUM(D2:D11) | E12: =SUM(E2:E11) | F12: =SUM(F2:F11) | G12: =SUM(G2:G11) | H12: =SUM(H2:H11)
B13: =SUM(B2:B12) | C13: =SUM(C2:C12) | D13: =SUM(D2:D12) | E13: =SUM(E2:E12) | F13: =SUM(F2:F12) | G13: =SUM(G2:G12) | H13: =SUM(H2:H12)
B14: =SUM(B2:B13) | C14: =SUM(C2:C13) | D14: =SUM(D2:D13) | E14: =SUM(E2:E13) | F14: =SUM(F2:F13) | G14: =SUM(G2:G13) | H14: =SUM(H2:H13)

Sheet Summary
B2: =Schedule!B4 | C2: =Schedule!C4 | D2: =Schedule!D4 | E2: =Schedule!E4 | F2: =Schedule!F4 | G2: =Schedule!G4 | H2: =Schedule!H4
B3: =Schedule!B5 | C3: =Schedule!C5 | D3: =Schedule!D5 | E3: =Schedule!E5 | F3: =Schedule!F5 | G3: =Schedule!G5 | H3: =Schedule!H5
B4: =Schedule!B6 | C4: =Schedule!C6 | D4: =Schedule!D6 | E4: =Schedule!E6 | F4: =Schedule!F6 | G4: =Schedule!G6 | H4: =Schedule!H6
B5: =Schedule!B7 | C5: =Schedule!C7 | D5: =Schedule!D7 | E5: =Schedule!E7 | F5: =Schedule!F7 | G5: =Schedule!G7 | H5: =Schedule!H7
B6: =Schedule!B8 | C6: =Schedule!C8 | D6: =Schedule!D8 | E6: =Schedule!E8 | F6: =Schedule!F8 | G6: =Schedule!G8 | H6: =Schedule!H8
B7: =Schedule!B9 | C7: =Schedule!C9 | D7: =Schedule!D9 | E7: =Schedule!E9 | F7: =Schedule!F9 | G7: =Schedule!G9 | H7: =Schedule!H9
B8: =Schedule!B10 | C8: =Schedule!C10 | D8: =Schedule!D10 | E8: =Schedule!E10 | F8: =Schedule!F10 | G8: =Schedule!G10 | H8: =Schedule!H10
B9: =Schedule!B11 | C9: =Schedule!C11 | D9: =Schedule!D11 | E9: =Schedule!E11 | F9: =Schedule!F11 | G9: =Schedule!G11 | H9: =Schedule!H11
B10: =Schedule!B12 | C10: =Schedule!C12 | D10: =Schedule!D12 | E10: =Schedule!E12 | F10: =Schedule!F12 | G10: =Schedule!G12 | H10: =Schedule!H12
B11: =Schedule!B13 | C11: =Schedule!C13 | D11: =Schedule!D13 | E11: =Schedule!E13 | F11: =Schedule!F13 | G11: =Schedule!G13 | H11: =Schedule!H13
